sagalactiae-protein1	pbp1b	Penicillin-binding protein 1B
sagalactiae-protein2	pbp2a	Penicillin-binding protein 2A
sagalactiae-protein3	PI-2a	PI-2a ancillary protein 1
sagalactiae-protein4	lmb	metal ABC transporter substrate-binding lipoprotein/laminin-binding adhesin Lmb
sagalactiae-protein5	hylB	Hyaluronate lyase
sagalactiae-protein6	Rib	Surface protein Rib
sagalactiae-protein7	cas9	Type II CRISPR RNA-guided endonuclease Cas9
sagalactiae-protein8		YSIRK-type signal peptide-containing protein
sagalactiae-protein9	polC	DNA polymerase III PolC-type
sagalactiae-protein10	cpsD	Tyrosine-protein kinase CpsD
